{
  "profit": -0.0008709461783379796,
  "Sell Time": 282.34666204452515,
  "Buy Time": 2823.949000120163
}